id	rate
1001	272
1003	1094
1005	115
1007	40
1009	81
1011	32
1013	99
1015	651
1017	59
1019	189
1021	177
1023	84
1025	65
1027	13
1029	80
1031	382
1033	161
1035	33
1037	61
1039	483
1041	72
1043	235
1045	274
1047	288
1049	362
1051	372
1053	142
1055	106
1057	19
1059	122
1061	165
1063	58
1065	36
1067	71
1069	857
1071	177
1073	2042
1075	37
1077	281
1079	130
1081	1208
1083	237
1085	23
1087	119
1089	2229
1091	77
1093	120
1095	360
1097	1494
1099	36
1101	628
1103	230
1105	0
1107	22
1109	148
1111	111
1113	484
1115	166
1117	706
1119	29
1121	631
1123	96
1125	883
1127	234
1129	51
1131	26
1133	178
2013	32
2016	134
2020	5274
2050	1432
2060	12
2068	3
2070	344
2090	1770
2100	7
2105	165
2110	476
2122	1516
2130	293
2150	289
2164	172
2170	2061
2180	674
2185	575
2188	455
2195	146
2198	109
2220	383
2230	14
2240	78
2261	178
2270	766
2275	99
2282	20
2290	316
4001	281
4003	1043
4005	2459
4007	626
4009	174
4011	90
4012	208
4013	41816
4015	1545
4017	519
4019	14492
4021	2628
4023	222
4025	1758
4027	1659
5001	96
5003	318
5005	127
5007	1547
5009	135
5011	94
5013	18
5015	86
5017	176
5019	270
5021	79
5023	208
5025	29
5027	249
5029	136
5031	558
5033	98
5035	411
5037	51
5039	32
5041	368
5043	202
5045	607
5047	40
5049	44
5051	508
5053	87
5055	339
5057	239
5059	120
5061	105
5063	93
5065	36
5067	53
5069	620
5071	161
5073	140
5075	94
5077	24
5079	216
5081	80
5083	94
5085	396
5087	34
5089	68
5091	300
5093	411
5095	12
5097	4
5099	35
5101	7
5103	128
5105	41
5107	20
5109	112
5111	56
5113	76
5115	415
5117	28
5119	1704
5121	118
5123	75
5125	255
5127	56
5129	0
5131	737
5133	67
5135	135
5137	175
5139	448
5141	282
5143	987
5145	181
5147	43
5149	77
6001	21168
6003	0
6005	195
6007	3284
6009	170
6011	89
6013	7953
6015	284
6017	1680
6019	12454
6021	159
6023	2162
6025	1057
6027	462
6029	6718
6031	1201
6033	357
6035	148
6037	90413
6039	843
6041	2986
6043	225
6045	661
6047	3206
6049	134
6051	408
6053	10070
6055	956
6057	653
6059	27655
6061	2840
6063	42
6065	14032
6067	14501
6069	461
6071	10816
6073	26354
6075	23984
6077	4417
6079	3536
6081	8600
6083	10165
6085	25692
6087	6080
6089	1444
6091	28
6093	302
6095	2833
6097	5275
6099	3747
6101	692
6103	554
6105	169
6107	3547
6109	306
6111	6808
6113	8353
6115	528
8001	3066
8003	153
8005	4293
8007	79
8009	29
8011	15
8013	8673
8014	583
8015	330
8017	8
8019	62
8021	57
8023	17
8025	35
8027	0
8029	235
8031	10678
8033	6
8035	1748
8037	473
8039	146
8041	4341
8043	255
8045	634
8047	18
8049	106
8051	1061
8053	38
8055	61
8057	13
8059	5811
8061	5
8063	36
8065	50
8067	1116
8069	7873
8071	78
8073	21
8075	250
8077	1730
8079	2
8081	77
8083	176
8085	295
8087	141
8089	201
8091	60
8093	50
8095	31
8097	529
8099	180
8101	1052
8103	75
8105	59
8107	543
8109	98
8111	45
8113	250
8115	14
8117	525
8119	117
8121	36
8123	2580
8125	76
9001	5112
9003	5718
9005	607
9007	924
9009	5673
9011	1672
9013	559
9015	398
10001	1004
10003	2312
10005	2153
11001	13059
12001	5563
12003	21
12005	1847
12007	43
12009	5527
12011	15787
12013	106
12015	2181
12017	924
12019	1430
12021	4547
12023	429
12027	219
12029	96
12031	6579
12033	2281
12035	705
12037	101
12039	364
12041	37
12043	23
12045	75
12047	110
12049	456
12051	412
12053	863
12055	707
12057	10937
12059	52
12061	1036
12063	208
12065	43
12067	76
12069	2147
12071	6245
12073	2202
12075	259
12077	29
12079	440
12081	2894
12083	3018
12085	1177
12086	21473
12087	5000
12089	1150
12091	2194
12093	226
12095	12253
12097	3314
12099	11470
12101	3196
12103	10509
12105	6077
12107	459
12109	2712
12111	1713
12113	1115
12115	3935
12117	3565
12119	1332
12121	196
12123	62
12125	31
12127	5166
12129	139
12131	876
12133	197
13001	590
13003	51
13005	104
13007	71
13009	463
13011	54
13013	266
13015	734
13017	156
13019	81
13021	993
13023	27
13025	111
13027	68
13029	467
13031	336
13033	132
13035	69
13037	18
13039	301
13043	112
13045	681
13047	321
13049	69
13051	1885
13053	169
13055	59
13057	907
13059	1614
13061	7
13063	1927
13065	273
13067	4200
13069	812
13071	253
13073	608
13075	116
13077	437
13079	19
13081	142
13083	19
13085	74
13087	778
13089	6237
13091	53
13093	259
13095	380
13097	423
13099	111
13101	141
13103	198
13105	40
13107	496
13109	409
13111	71
13113	938
13115	631
13117	1349
13119	165
13121	6836
13123	224
13125	6
13127	844
13129	518
13131	420
13133	44
13135	9050
13137	133
13139	1479
13141	36
13143	94
13145	399
13147	40
13149	22
13151	728
13153	677
13155	58
13157	313
13159	118
13161	161
13163	100
13165	0
13167	301
13169	73
13171	16
13173	284
13175	165
13177	106
13179	956
13181	12
13183	233
13185	1611
13187	111
13189	160
13191	61
13193	57
13195	91
13197	68
13199	92
13201	118
13205	358
13207	101
13209	101
13211	101
13213	71
13215	995
13217	286
13219	144
13221	67
13223	536
13225	245
13227	92
13229	100
13231	54
13233	181
13235	11
13237	126
13239	22
13241	68
13243	55
13245	886
13247	765
13249	39
13251	55
13253	40
13255	380
13257	21
13259	10
13261	186
13263	187
13265	42
13267	562
13269	27
13271	63
13273	22
13275	444
13277	218
13279	138
13281	12
13283	0
13285	846
13287	50
13289	0
13291	102
13293	189
13295	108
13297	424
13299	89
13301	10
13303	111
13305	336
13307	0
13309	20
13311	47
13313	1036
13315	23
13317	6
13319	23
13321	79
15001	1738
15003	17143
15005	16
15007	714
15009	1889
16001	6500
16003	54
16005	739
16007	32
16009	114
16011	330
16013	337
16015	71
16017	625
16019	907
16021	54
16023	0
16025	8
16027	2918
16029	27
16031	297
16033	22
16035	48
16037	42
16039	199
16041	88
16043	35
16045	179
16047	132
16049	79
16051	150
16053	113
16055	998
16057	783
16059	118
16061	31
16063	40
16065	723
16067	75
16069	439
16071	5
16073	89
16075	221
16077	24
16079	91
16081	94
16083	662
16085	194
16087	125
17001	389
17003	58
17005	64
17007	412
17009	61
17011	171
17013	42
17015	59
17017	51
17019	3090
17021	117
17023	100
17025	92
17027	175
17029	331
17031	48264
17033	133
17035	57
17037	739
17039	55
17041	452
17043	5630
17045	89
17047	51
17049	284
17051	220
17053	50
17055	177
17057	181
17059	29
17061	66
17063	229
17065	1
17067	59
17069	17
17071	16
17073	242
17075	191
17077	659
17079	35
17081	358
17083	56
17085	106
17087	31
17089	4438
17091	618
17093	588
17095	405
17097	4632
17099	648
17101	72
17103	135
17105	158
17107	167
17109	340
17111	1568
17113	1395
17115	860
17117	177
17119	1417
17121	321
17123	79
17125	108
17127	97
17129	45
17131	109
17133	35
17135	93
17137	256
17139	398
17141	252
17143	1301
17145	71
17147	89
17149	152
17151	15
17153	0
17155	14
17157	104
17159	127
17161	927
17163	1521
17165	140
17167	1110
17169	23
17171	7
17173	65
17175	24
17177	285
17179	452
17181	57
17183	398
17185	157
17187	153
17189	58
17191	86
17193	63
17195	523
17197	3892
17199	293
17201	1382
17203	270
18001	249
18003	1787
18005	737
18007	26
18009	38
18011	569
18013	49
18015	76
18017	382
18019	393
18021	100
18023	387
18025	70
18027	203
18029	212
18031	160
18033	311
18035	682
18037	141
18039	2404
18041	232
18043	199
18045	72
18047	107
18049	181
18051	76
18053	384
18055	180
18057	1375
18059	170
18061	205
18063	821
18065	213
18067	595
18069	146
18071	710
18073	224
18075	161
18077	141
18079	212
18081	564
18083	132
18085	592
18087	1823
18089	1614
18091	492
18093	124
18095	606
18097	4691
18099	554
18101	19
18103	271
18105	1665
18107	175
18109	491
18111	66
18113	476
18115	32
18117	131
18119	138
18121	121
18123	72
18125	43
18127	548
18129	80
18131	93
18133	234
18135	180
18137	208
18139	8
18141	2065
18143	91
18145	378
18147	41
18149	47
18151	207
18153	186
18155	48
18157	1640
18159	63
18161	29
18163	1219
18165	12
18167	847
18169	165
18171	29
18173	296
18175	240
18177	523
18179	293
18181	110
18183	122
19001	35
19003	70
19005	96
19007	33
19009	12
19011	355
19013	707
19015	79
19017	70
19019	96
19021	128
19023	51
19025	69
19027	120
19029	137
19031	68
19033	313
19035	53
19037	109
19039	10
19041	149
19043	67
19045	229
19047	56
19049	305
19051	88
19053	71
19055	89
19057	427
19059	86
19061	362
19063	321
19065	147
19067	148
19069	43
19071	72
19073	55
19075	84
19077	48
19079	122
19081	103
19083	138
19085	37
19087	91
19089	43
19091	74
19093	42
19095	49
19097	67
19099	287
19101	217
19103	2620
19105	98
19107	36
19109	97
19111	163
19113	1623
19115	94
19117	57
19119	60
19121	55
19123	118
19125	237
19127	361
19129	81
19131	85
19133	99
19135	18
19137	60
19139	198
19141	232
19143	15
19145	123
19147	64
19149	220
19151	82
19153	2279
19155	441
19157	120
19159	61
19161	27
19163	765
19165	74
19167	324
19169	1285
19171	85
19173	40
19175	74
19177	23
19179	269
19181	146
19183	167
19185	32
19187	262
19189	82
19191	220
19193	1441
19195	18
19197	138
20001	63
20003	74
20005	46
20007	13
20009	155
20011	62
20013	91
20015	349
20017	25
20019	19
20021	148
20023	13
20025	19
20027	65
20029	63
20031	20
20033	9
20035	203
20037	243
20039	25
20041	128
20043	36
20045	1397
20047	19
20049	6
20051	172
20053	39
20055	354
20057	219
20059	196
20061	682
20063	12
20065	5
20067	50
20069	77
20071	2
20073	10
20075	21
20077	32
20079	405
20081	16
20083	26
20085	19
20087	59
20089	34
20091	2538
20093	0
20095	48
20097	55
20099	114
20101	29
20103	529
20105	11
20107	15
20109	38
20111	196
20113	316
20115	108
20117	73
20119	20
20121	122
20123	70
20125	289
20127	17
20129	7
20131	123
20133	222
20135	31
20137	3
20139	52
20141	15
20143	37
20145	61
20147	28
20149	154
20151	84
20153	24
20155	618
20157	122
20159	44
20161	529
20163	28
20165	16
20167	9
20169	710
20171	30
20173	2500
20175	315
20177	826
20179	10
20181	43
20183	35
20185	16
20187	0
20189	14
20191	97
20193	85
20195	10
20197	38
20199	4
20201	28
20203	7
20205	28
20207	16
20209	1682
21001	121
21003	213
21005	74
21007	67
21009	155
21011	78
21013	50
21015	692
21017	41
21019	221
21021	122
21023	35
21025	2
21027	224
21029	133
21031	40
21033	138
21035	183
21037	315
21039	25
21041	129
21043	74
21045	222
21047	435
21049	82
21051	91
21053	8
21055	18
21057	24
21059	394
21061	77
21063	36
21065	5
21067	2153
21069	41
21071	30
21073	204
21075	31
21077	47
21079	30
21081	153
21083	135
21085	121
21087	81
21089	87
21091	33
21093	563
21095	171
21097	43
21099	71
21101	159
21103	65
21105	63
21107	207
21109	53
21111	4496
21113	108
21115	28
21117	477
21119	49
21121	0
21123	29
21125	129
21127	15
21129	55
21131	14
21133	147
21135	113
21137	38
21139	60
21141	246
21143	19
21145	465
21147	43
21149	56
21151	622
21153	8
21155	133
21157	106
21159	9
21161	95
21163	118
21165	13
21167	52
21169	22
21171	26
21173	70
21175	0
21177	184
21179	183
21181	0
21183	65
21185	89
21187	19
21189	0
21191	30
21193	92
21195	160
21197	41
21199	257
21201	0
21203	63
21205	79
21207	250
21209	140
21211	80
21213	99
21215	77
21217	105
21219	156
21221	42
21223	37
21225	56
21227	543
21229	46
21231	16
21233	57
21235	57
21237	13
21239	85
22001	425
22003	173
22005	606
22007	255
22009	102
22011	422
22013	80
22015	1037
22017	1807
22019	1116
22021	87
22023	84
22025	162
22027	180
22029	138
22031	112
22033	2511
22035	31
22037	110
22039	174
22041	141
22043	124
22045	428
22047	156
22049	116
22051	3918
22053	329
22055	1977
22057	1480
22059	180
22061	304
22063	647
22065	70
22067	174
22069	326
22071	5753
22073	756
22075	331
22077	184
22079	930
22081	126
22083	44
22085	254
22087	194
22089	374
22091	149
22093	72
22095	517
22097	471
22099	84
22101	632
22103	2017
22105	1663
22107	28
22109	1880
22111	119
22113	347
22115	510
22117	493
22119	606
22121	206
22123	73
22125	15
22127	63
23001	697
23003	485
23005	2786
23007	111
23009	667
23011	1068
23013	447
23015	165
23017	175
23019	1431
23021	49
23023	259
23025	232
23027	372
23029	104
23031	1394
24001	227
24003	3241
24005	4532
24009	348
24011	645
24013	532
24015	383
24017	562
24019	307
24021	1015
24023	184
24025	878
24027	992
24029	224
24031	6178
24033	4012
24035	194
24037	457
24039	155
24041	185
24043	883
24045	733
24047	450
24510	5824
25001	1395
25003	1010
25005	2238
25007	363
25009	6158
25011	529
25013	1560
25015	1437
25017	16604
25019	252
25021	4079
25023	2061
25025	9052
25027	3899
26001	37
26003	57
26005	544
26007	244
26009	82
26011	71
26013	49
26015	170
26017	634
26019	38
26021	765
26023	253
26025	695
26027	158
26029	145
26031	147
26033	155
26035	157
26037	318
26039	49
26041	247
26043	118
26045	411
26047	251
26049	1184
26051	33
26053	81
26055	873
26057	141
26059	199
26061	365
26063	131
26065	3423
26067	232
26069	87
26071	40
26073	569
26075	898
26077	1384
26079	71
26081	3355
26083	7
26085	31
26087	361
26089	132
26091	395
26093	848
26095	12
26097	174
26099	2653
26101	86
26103	428
26105	252
26107	311
26109	136
26111	598
26113	69
26115	569
26117	423
26119	14
26121	718
26123	205
26125	4906
26127	104
26129	72
26131	48
26133	168
26135	161
26137	82
26139	1467
26141	88
26143	109
26145	768
26147	711
26149	394
26151	158
26153	10
26155	406
26157	240
26159	400
26161	3433
26163	8904
26165	132
27001	111
27003	1620
27005	242
27007	322
27009	190
27011	39
27013	460
27015	195
27017	253
27019	354
27021	209
27023	96
27025	280
27027	514
27029	33
27031	28
27033	137
27035	345
27037	2084
27039	91
27041	288
27043	76
27045	177
27047	240
27049	226
27051	49
27053	15452
27055	65
27057	96
27059	297
27061	300
27063	72
27065	130
27067	262
27069	21
27071	184
27073	31
27075	60
27077	6
27079	143
27081	37
27083	193
27085	452
27087	12
27089	69
27091	202
27093	151
27095	281
27097	166
27099	421
27101	47
27103	270
27105	338
27107	39
27109	1164
27111	315
27113	213
27115	180
27117	62
27119	218
27121	72
27123	4077
27125	9
27127	71
27129	109
27131	676
27133	91
27135	100
27137	1279
27139	827
27141	447
27143	47
27145	916
27147	286
27149	165
27151	68
27153	155
27155	34
27157	168
27159	53
27161	76
27163	1155
27165	43
27167	23
27169	801
27171	523
27173	67
28001	114
28003	151
28005	0
28007	101
28009	0
28011	69
28013	85
28015	57
28017	62
28019	41
28021	13
28023	255
28025	59
28027	94
28029	63
28031	150
28033	779
28035	794
28037	81
28039	91
28041	39
28043	140
28045	199
28047	1041
28049	1030
28051	60
28053	30
28055	25
28057	75
28059	889
28061	75
28063	3
28065	133
28067	261
28069	105
28071	348
28073	271
28075	409
28077	105
28079	104
28081	104
28083	105
28085	219
28087	216
28089	449
28091	176
28093	139
28095	95
28097	25
28099	169
28101	73
28103	15
28105	353
28107	167
28109	246
28111	71
28113	595
28115	175
28117	75
28119	0
28121	785
28123	172
28125	0
28127	224
28129	126
28131	152
28133	40
28135	20
28137	48
28139	132
28141	76
28143	71
28145	170
28147	188
28149	322
28151	155
28153	200
28155	117
28157	3
28159	39
28161	44
28163	66
29001	135
29003	59
29005	16
29007	192
29009	139
29011	37
29013	66
29015	62
29017	51
29019	1505
29021	539
29023	183
29025	45
29027	176
29029	357
29031	543
29033	52
29035	35
29037	365
29039	63
29041	28
29043	558
29045	68
29047	891
29049	103
29051	520
29053	100
29055	56
29057	61
29059	72
29061	77
29063	102
29065	210
29067	77
29069	128
29071	224
29073	69
29075	70
29077	1915
29079	112
29081	42
29083	69
29085	63
29087	7
29089	49
29091	234
29093	56
29095	4470
29097	777
29099	682
29101	213
29103	52
29105	258
29107	397
29109	93
29111	40
29113	156
29115	94
29117	94
29119	224
29121	93
29123	5
29125	20
29127	244
29129	9
29131	321
29133	33
29135	90
29137	57
29139	23
29141	144
29143	45
29145	445
29147	135
29149	77
29151	32
29153	13
29155	38
29157	79
29159	169
29161	341
29163	177
29165	573
29167	159
29169	391
29171	0
29173	37
29175	236
29177	110
29179	81
29181	29
29183	1591
29185	65
29186	35
29187	357
29189	5305
29195	151
29197	28
29199	46
29201	149
29203	81
29205	41
29207	159
29209	60
29211	46
29213	83
29215	75
29217	146
29219	59
29221	137
29223	112
29225	200
29227	12
29229	58
29510	2810
30001	72
30003	68
30005	38
30007	129
30009	128
30011	3
30013	764
30015	43
30017	107
30019	4
30021	96
30023	43
30025	2
30027	65
30029	890
30031	2075
30033	9
30035	17
30037	1
30039	17
30041	135
30043	71
30045	4
30047	143
30049	900
30051	19
30053	181
30055	3
30057	83
30059	47
30061	7
30063	2775
30065	67
30067	237
30069	8
30071	29
30073	40
30075	20
30077	28
30079	8
30081	331
30083	48
30085	39
30087	84
30089	41
30091	14
30093	294
30095	117
30097	42
30099	28
30101	34
30103	3
30105	17
30107	16
30109	0
30111	1295
31001	110
31003	37
31005	3
31007	0
31009	0
31011	21
31013	62
31015	4
31017	0
31019	393
31021	6
31023	26
31025	185
31027	67
31029	35
31031	41
31033	48
31035	64
31037	92
31039	38
31041	96
31043	434
31045	113
31047	210
31049	18
31051	12
31053	191
31055	2627
31057	27
31059	36
31061	25
31063	28
31065	26
31067	70
31069	27
31071	42
31073	11
31075	5
31077	13
31079	333
31081	104
31083	29
31085	0
31087	34
31089	51
31091	4
31093	33
31095	48
31097	9
31099	41
31101	165
31103	3
31105	0
31107	14
31109	3035
31111	221
31113	2
31115	1
31117	0
31119	128
31121	34
31123	36
31125	27
31127	19
31129	5
31131	105
31133	25
31135	26
31137	68
31139	15
31141	153
31143	42
31145	56
31147	8
31149	4
31151	149
31153	793
31155	114
31157	224
31159	116
31161	21
31163	5
31165	5
31167	12
31169	4
31171	17
31173	38
31175	41
31177	66
31179	76
31181	34
31183	1
31185	155
32001	137
32003	17297
32005	411
32007	327
32009	50
32011	8
32013	89
32015	37
32017	9
32019	373
32021	62
32023	232
32027	0
32029	0
32031	4979
32033	109
32510	557
33001	237
33003	409
33005	454
33007	241
33009	1186
33011	1814
33013	1157
33015	1738
33017	553
33019	402
34001	2223
34003	6543
34005	2322
34007	2828
34009	1291
34011	1481
34013	6768
34015	1486
34017	4287
34019	560
34021	4194
34023	6552
34025	5009
34027	2665
34029	3120
34031	7725
34033	215
34035	2419
34037	941
34039	16879
34041	350
35001	7129
35003	9
35005	380
35006	19
35007	113
35009	328
35011	25
35013	1390
35015	312
35017	73
35019	0
35021	1
35023	6
35025	450
35027	44
35028	290
35029	167
35031	326
35033	134
35035	337
35037	52
35039	261
35041	150
35043	1114
35045	480
35047	153
35049	1730
35051	18
35053	192
35055	238
35057	45
35059	41
35061	458
36001	2235
36003	370
36005	8670
36007	1245
36009	484
36011	323
36013	1071
36015	554
36017	212
36019	1161
36021	252
36023	292
36025	166
36027	1432
36029	6143
36031	624
36033	315
36035	306
36037	501
36039	840
36041	30
36043	266
36045	766
36047	23903
36049	90
36051	314
36053	375
36055	4343
36057	477
36059	6846
36061	41144
36063	867
36065	1086
36067	2792
36069	565
36071	3299
36073	221
36075	595
36077	251
36079	487
36081	15223
36083	713
36085	1841
36087	2171
36089	869
36091	1163
36093	869
36095	242
36097	105
36099	193
36101	621
36103	8519
36105	334
36107	216
36109	854
36111	936
36113	465
36115	283
36117	338
36119	8468
36121	289
36123	300
37001	571
37003	50
37005	55
37007	41
37009	41
37011	72
37013	297
37015	91
37017	98
37019	630
37021	1427
37023	327
37025	682
37027	364
37029	28
37031	662
37033	75
37035	631
37037	555
37039	85
37041	187
37043	29
37045	252
37047	162
37049	907
37051	1863
37053	159
37055	423
37057	535
37059	99
37061	239
37063	2569
37065	334
37067	2561
37069	247
37071	630
37073	112
37075	0
37077	186
37079	89
37081	2643
37083	232
37085	557
37087	307
37089	417
37091	86
37093	431
37095	120
37097	812
37099	245
37101	1394
37103	72
37105	440
37107	217
37109	328
37111	138
37113	70
37115	17
37117	112
37119	4747
37121	30
37123	100
37125	507
37127	427
37129	2148
37131	73
37133	1608
37135	2170
37137	136
37139	530
37141	211
37143	253
37145	364
37147	1140
37149	29
37151	344
37153	50
37155	513
37157	202
37159	605
37161	216
37163	276
37165	109
37167	291
37169	226
37171	295
37173	7
37175	264
37177	3
37179	859
37181	143
37183	6621
37185	12
37187	91
37189	266
37191	439
37193	116
37195	633
37197	293
37199	58
38001	3
38003	72
38005	33
38007	6
38009	51
38011	19
38013	16
38015	430
38017	1513
38019	25
38021	30
38023	7
38025	30
38027	22
38029	38
38031	28
38033	0
38035	838
38037	17
38039	19
38041	8
38043	7
38045	37
38047	9
38049	41
38051	16
38053	75
38055	8
38057	72
38059	154
38061	44
38063	14
38065	17
38067	33
38069	43
38071	110
38073	5
38075	8
38077	43
38079	35
38081	44
38083	6
38085	26
38087	0
38089	163
38091	16
38093	135
38095	23
38097	43
38099	35
38101	431
38103	24
38105	298
39001	196
39003	508
39005	296
39007	452
39009	365
39011	374
39013	188
39015	156
39017	1770
39019	55
39021	186
39023	314
39025	397
39027	324
39029	518
39031	300
39033	303
39035	6211
39037	154
39039	242
39041	666
39043	762
39045	787
39047	132
39049	8455
39051	360
39053	79
39055	597
39057	800
39059	125
39061	3231
39063	392
39065	264
39067	59
39069	160
39071	151
39073	89
39075	1606
39077	337
39079	75
39081	150
39083	350
39085	1027
39087	111
39089	804
39091	347
39093	1600
39095	1749
39097	135
39099	1274
39101	235
39103	804
39105	92
39107	168
39109	288
39111	39
39113	2786
39115	48
39117	118
39119	136
39121	16
39123	273
39125	25
39127	139
39129	147
39131	87
39133	710
39135	149
39137	88
39139	327
39141	306
39143	344
39145	226
39147	344
39149	118
39151	1104
39153	1649
39155	1092
39157	884
39159	154
39161	147
39163	8
39165	580
39167	127
39169	821
39171	255
39173	946
39175	115
40001	37
40003	32
40005	75
40007	24
40009	107
40011	65
40013	457
40015	65
40017	697
40019	281
40021	220
40023	199
40025	25
40027	2223
40029	21
40031	1597
40033	43
40035	95
40037	287
40039	139
40041	291
40043	20
40045	5
40047	452
40049	90
40051	299
40053	36
40055	28
40057	40
40059	31
40061	22
40063	31
40065	365
40067	23
40069	4
40071	240
40073	216
40075	33
40077	65
40079	384
40081	115
40083	342
40085	31
40087	201
40089	127
40091	32
40093	113
40095	172
40097	168
40099	32
40101	428
40103	39
40105	33
40107	76
40109	4240
40111	242
40113	189
40115	140
40117	154
40119	1057
40121	99
40123	357
40125	402
40127	12
40129	28
40131	427
40133	119
40135	142
40137	285
40139	35
40141	110
40143	4181
40145	339
40147	361
40149	39
40151	38
40153	168
41001	240
41003	3241
41005	2311
41007	298
41009	130
41011	495
41013	137
41015	64
41017	1769
41019	1097
41021	31
41023	68
41025	28
41027	316
41029	2114
41031	225
41033	629
41035	589
41037	80
41039	8459
41041	247
41043	1078
41045	217
41047	3016
41049	11
41051	22281
41053	539
41055	6
41057	190
41059	375
41061	222
41063	137
41065	158
41067	4966
41069	9
41071	759
42001	606
42003	7730
42005	302
42007	661
42009	284
42011	2513
42013	851
42015	397
42017	2508
42019	655
42021	1014
42023	2
42025	412
42027	2212
42029	2545
42031	192
42033	379
42035	147
42037	236
42039	675
42041	1144
42043	1854
42045	2470
42047	76
42049	1545
42051	615
42053	32
42055	596
42057	70
42059	53
42061	422
42063	406
42065	173
42067	82
42069	737
42071	5159
42073	374
42075	710
42077	1227
42079	1066
42081	717
42083	170
42085	545
42087	287
42089	529
42091	3177
42093	63
42095	757
42097	708
42099	182
42101	18397
42103	116
42105	81
42107	391
42109	349
42111	327
42113	62
42115	161
42117	161
42119	468
42121	226
42123	243
42125	957
42127	158
42129	1157
42131	90
42133	2601
44001	157
44003	586
44005	863
44007	5419
44009	507
45001	47
45003	795
45005	28
45007	778
45009	42
45011	40
45013	2176
45015	983
45017	316
45019	4068
45021	259
45023	185
45025	330
45027	323
45029	203
45031	429
45033	53
45035	753
45037	87
45039	92
45041	824
45043	539
45045	2158
45047	68
45049	48
45051	2616
45053	118
45055	241
45057	510
45059	210
45061	39
45063	3977
45065	5
45067	159
45069	112
45071	129
45073	357
45075	595
45077	543
45079	4152
45081	103
45083	863
45085	600
45087	120
45089	101
45091	1104
46003	7
46005	223
46007	7
46009	63
46011	691
46013	344
46015	54
46017	5
46019	71
46021	2
46023	83
46025	6
46027	294
46029	170
46031	19
46033	61
46035	244
46037	59
46039	35
46041	72
46043	11
46045	62
46047	40
46049	12
46051	35
46053	23
46055	16
46057	38
46059	16
46061	43
46063	11
46065	140
46067	100
46069	12
46071	0
46073	7
46075	0
46077	24
46079	42
46081	277
46083	215
46085	14
46087	15
46089	51
46091	6
46093	257
46095	3
46097	16
46099	1620
46101	50
46103	711
46105	29
46107	17
46109	70
46111	12
46113	68
46115	59
46117	17
46119	3
46121	41
46123	37
46125	63
46127	96
46129	5
46135	133
46137	24
47001	509
47003	104
47005	155
47007	46
47009	480
47011	890
47013	181
47015	100
47017	131
47019	291
47021	207
47023	93
47025	210
47027	8
47029	72
47031	203
47033	23
47035	242
47037	4167
47039	15
47041	39
47043	173
47045	222
47047	150
47049	50
47051	159
47053	159
47055	72
47057	51
47059	222
47061	13
47063	486
47065	1937
47067	43
47069	81
47071	70
47073	95
47075	102
47077	89
47079	106
47081	82
47083	56
47085	29
47087	35
47089	135
47091	20
47093	2281
47095	17
47097	72
47099	204
47101	3
47103	64
47105	152
47107	87
47109	112
47111	81
47113	565
47115	69
47117	238
47119	309
47121	37
47123	124
47125	852
47127	38
47129	171
47131	128
47133	46
47135	24
47137	14
47139	8
47141	185
47143	108
47145	220
47147	277
47149	1404
47151	111
47153	49
47155	365
47157	4474
47159	60
47161	206
47163	477
47165	601
47167	235
47169	49
47171	137
47173	53
47175	66
47177	143
47179	840
47181	13
47183	161
47185	112
47187	904
47189	460
48001	144
48003	137
48005	711
48007	138
48009	28
48011	11
48013	117
48015	229
48017	25
48019	53
48021	470
48023	20
48025	168
48027	2236
48029	11199
48031	72
48033	4
48035	71
48037	713
48039	2495
48041	2618
48043	171
48045	1
48047	0
48049	177
48051	96
48053	200
48055	172
48057	66
48059	34
48061	3051
48063	42
48065	50
48067	165
48069	47
48071	231
48073	289
48075	15
48077	35
48079	21
48081	12
48083	16
48085	7030
48087	29
48089	86
48091	854
48093	90
48095	0
48097	187
48099	373
48101	12
48103	21
48105	37
48107	74
48109	69
48111	341
48113	16594
48115	101
48117	59
48119	5
48121	4475
48123	118
48125	12
48127	60
48129	35
48131	58
48133	56
48135	447
48137	65
48139	490
48141	9239
48143	150
48145	101
48147	154
48149	279
48151	36
48153	0
48155	0
48157	2590
48159	39
48161	58
48163	186
48165	184
48167	4464
48169	15
48171	153
48173	4
48175	27
48177	72
48179	76
48181	729
48183	1329
48185	141
48187	740
48189	135
48191	17
48193	27
48195	70
48197	70
48199	324
48201	37592
48203	272
48205	45
48207	12
48209	729
48211	42
48213	171
48215	11799
48217	188
48219	86
48221	181
48223	164
48225	157
48227	254
48229	58
48231	504
48233	163
48235	25
48237	61
48239	24
48241	239
48243	23
48245	1314
48247	30
48249	313
48251	971
48253	118
48255	51
48257	390
48259	131
48261	0
48263	3
48265	264
48267	14
48269	0
48271	17
48273	261
48275	33
48277	449
48279	70
48281	176
48283	68
48285	37
48287	120
48289	92
48291	356
48293	134
48295	83
48297	256
48299	169
48301	0
48303	1511
48305	15
48307	55
48309	825
48311	5
48313	113
48315	53
48317	22
48319	50
48321	131
48323	765
48325	214
48327	27
48329	689
48331	456
48333	8
48335	61
48337	147
48339	2993
48341	235
48343	37
48345	0
48347	480
48349	233
48351	155
48353	134
48355	5123
48357	64
48359	16
48361	568
48363	460
48365	144
48367	364
48369	26
48371	44
48373	362
48375	735
48377	25
48379	121
48381	497
48383	0
48385	43
48387	70
48389	93
48391	40
48393	0
48395	326
48397	339
48399	41
48401	274
48403	104
48405	85
48407	35
48409	1547
48411	23
48413	21
48415	154
48417	29
48419	164
48421	36
48423	2173
48425	0
48427	506
48429	78
48431	17
48433	11
48435	26
48437	26
48439	14100
48441	2018
48443	3
48445	1
48447	12
48449	166
48451	1020
48453	18976
48455	89
48457	233
48459	151
48461	21
48463	148
48465	744
48467	198
48469	379
48471	142
48473	203
48475	48
48477	150
48479	979
48481	257
48483	72
48485	762
48487	50
48489	75
48491	2969
48493	143
48495	43
48497	197
48499	121
48501	22
48503	135
48505	32
48507	104
49001	15
49003	370
49005	1916
49007	111
49009	5
49011	2214
49013	36
49015	29
49017	46
49019	344
49021	330
49023	100
49025	99
49027	86
49029	35
49031	26
49033	32
49035	9825
49037	49
49039	248
49041	165
49043	541
49045	549
49047	284
49049	4767
49051	180
49053	1068
49055	20
49057	1541
50001	253
50003	373
50005	119
50007	1960
50009	40
50011	393
50013	25
50015	206
50017	249
50019	467
50021	268
50023	331
50025	268
50027	334
51001	215
51003	530
51005	75
51007	45
51009	185
51011	186
51013	3242
51015	498
51017	22
51019	379
51021	30
51023	142
51025	104
51027	11
51029	173
51031	593
51033	76
51035	122
51036	43
51037	258
51041	930
51043	53
51045	12
51047	277
51049	123
51051	8
51053	105
51057	125
51059	7659
51061	341
51063	94
51065	63
51067	261
51069	330
51071	34
51073	106
51075	33
51077	64
51079	70
51081	40
51083	404
51085	516
51087	1426
51089	177
51091	16
51093	202
51095	349
51097	0
51099	159
51101	37
51103	65
51105	30
51107	1646
51109	219
51111	140
51113	40
51115	62
51117	359
51119	67
51121	849
51125	337
51127	72
51131	57
51133	124
51135	284
51137	195
51139	128
51141	216
51143	360
51145	97
51147	282
51149	172
51153	2320
51155	292
51157	29
51159	17
51161	434
51163	149
51165	425
51167	45
51169	25
51171	119
51173	322
51175	145
51177	741
51179	682
51181	3
51183	37
51185	95
51187	155
51191	92
51193	98
51195	106
51197	99
51199	298
51510	1675
51515	31
51520	182
51530	120
51540	1033
51550	1524
51570	116
51580	7
51590	231
51595	51
51600	69
51610	185
51620	61
51630	142
51640	129
51650	918
51660	460
51670	145
51678	83
51680	259
51683	222
51685	191
51690	55
51700	1293
51710	2260
51720	0
51730	160
51735	33
51740	765
51750	48
51760	3063
51770	645
51775	176
51790	209
51800	529
51810	3859
51820	276
51830	157
51840	320
53001	207
53003	76
53005	1119
53007	784
53009	736
53011	3055
53013	42
53015	789
53017	744
53019	23
53021	333
53023	7
53025	940
53027	425
53029	724
53031	481
53033	26305
53035	2541
53037	885
53039	91
53041	257
53043	213
53045	270
53047	226
53049	141
53051	46
53053	5879
53055	304
53057	882
53059	71
53061	4391
53063	3897
53065	347
53067	2944
53069	28
53071	854
53073	3136
53075	536
53077	1280
54001	50
54003	350
54005	24
54007	14
54009	9
54011	783
54013	0
54015	35
54017	25
54019	232
54021	3
54023	27
54025	165
54027	50
54029	116
54031	53
54033	252
54035	28
54037	333
54039	583
54041	37
54043	142
54045	116
54047	8
54049	272
54051	214
54053	83
54055	202
54057	78
54059	23
54061	436
54063	12
54065	119
54067	58
54069	264
54071	14
54073	6
54075	28
54077	163
54079	34
54081	770
54083	220
54085	13
54087	7
54089	75
54091	86
54093	54
54095	25
54097	28
54099	90
54101	61
54103	40
54105	57
54107	355
54109	152
55001	117
55003	153
55005	202
55007	100
55009	2331
55011	64
55013	85
55015	293
55017	586
55019	397
55021	349
55023	74
55025	9998
55027	561
55029	281
55031	397
55033	465
55035	1127
55037	28
55039	805
55041	28
55043	519
55045	435
55047	222
55049	173
55051	19
55053	164
55055	735
55057	166
55059	1001
55061	142
55063	1356
55065	96
55067	105
55069	123
55071	621
55073	1152
55075	286
55077	89
55078	20
55079	6276
55081	545
55083	174
55085	218
55087	1655
55089	647
55091	55
55093	298
55095	156
55097	1154
55099	143
55101	1177
55103	92
55105	796
55107	82
55109	370
55111	407
55113	84
55115	235
55117	893
55119	251
55121	188
55123	332
55125	205
55127	885
55129	108
55131	884
55133	1649
55135	317
55137	178
55139	1393
55141	697
56001	1331
56003	87
56005	546
56007	147
56009	57
56011	97
56013	322
56015	120
56017	5
56019	119
56021	929
56023	59
56025	642
56027	21
56029	151
56031	52
56033	258
56035	41
56037	178
56039	461
56041	147
56043	80
56045	40
